{"_default": {"1": {"correction": [1.0360120497643948, 0.03213728219270706, 0.03434217721223831, 0.969496238976717], "i_offset": -0.0147705078125, "q_offset": 0.04644775390625, "lo_frequency": 4000000000.0, "if_frequency": 331000000.0, "temperature": 58.75, "mixer_id": "octave_octave1_1", "optimizer_parameters": {"average_iterations": 100, "iterations": 10000, "calibration_offset_frequency": 7000000.0, "keep_on": false}}, "2": {"correction": [1.0001727044582367, 0.06136474013328552, 0.060709089040756226, 1.0109744556248188], "i_offset": -0.03759765625, "q_offset": 0.017608642578125, "lo_frequency": 5750000000.0, "if_frequency": 20000000.0, "temperature": 57.9375, "mixer_id": "octave_octave1_1", "optimizer_parameters": {"average_iterations": 100, "iterations": 10000, "calibration_offset_frequency": 7000000.0, "keep_on": false}}, "3": {"correction": [1.0111658163368702, 0.0342283770442009, 0.03486936539411545, 0.9925779961049557], "i_offset": -0.01568603515625, "q_offset": 0.057891845703125, "lo_frequency": 4200000000.0, "if_frequency": 331000000.0, "temperature": 57.875, "mixer_id": "octave_octave1_1", "optimizer_parameters": {"average_iterations": 100, "iterations": 10000, "calibration_offset_frequency": 7000000.0, "keep_on": false}}, "4": {"correction": [0.9935445711016655, 0.09561681747436523, 0.09195470809936523, 1.0331126265227795], "i_offset": -0.0108642578125, "q_offset": 0.0552978515625, "lo_frequency": 4200000000.0, "if_frequency": 100000000.0, "temperature": 58.25, "mixer_id": "octave_octave1_1", "optimizer_parameters": {"average_iterations": 100, "iterations": 10000, "calibration_offset_frequency": 7000000.0, "keep_on": false}}, "5": {"correction": [1.0170153453946114, -0.13806693255901337, -0.13539664447307587, 1.0370728857815266], "i_offset": -0.083740234375, "q_offset": 0.0103759765625, "lo_frequency": 8200000000.0, "if_frequency": 99500000.0, "temperature": 57.25, "mixer_id": "octave_octave1_1", "optimizer_parameters": {"average_iterations": 100, "iterations": 10000, "calibration_offset_frequency": 7000000.0, "keep_on": false}}, "6": {"correction": [1.0170153453946114, -0.13806693255901337, -0.13539664447307587, 1.0370728857815266], "i_offset": -0.080810546875, "q_offset": 0.008056640625, "lo_frequency": 8200000000.0, "if_frequency": 100000000.0, "temperature": 58.4375, "mixer_id": "octave_octave1_1", "optimizer_parameters": {"average_iterations": 100, "iterations": 10000, "calibration_offset_frequency": 7000000.0, "keep_on": false}}}}