{"_default": {"1": {"correction": [1.012597680091858, -0.09980430454015732, -0.09941520541906357, 1.0165608637034893], "i_offset": -0.109375, "q_offset": -0.118896484375, "lo_frequency": 8400000000.0, "if_frequency": 236000000.0, "temperature": 59.9375, "mixer_id": "octave_octave1_2", "optimizer_parameters": {"average_iterations": 100, "iterations": 10000, "calibration_offset_frequency": 7000000.0, "keep_on": false}}, "2": {"correction": [1.0070730112493038, -0.13320007175207138, -0.12859954684972763, 1.0431000776588917], "i_offset": -0.196075439453125, "q_offset": -0.020751953125, "lo_frequency": 8500000000.0, "if_frequency": 197432000.0, "temperature": 60.3125, "mixer_id": "octave_octave1_2", "optimizer_parameters": {"average_iterations": 100, "iterations": 10000, "calibration_offset_frequency": 7000000.0, "keep_on": false}}}}