{"_default": {"1": {"correction": [1.0151399187743664, -0.1015625, -0.1015625, 1.0151399187743664], "i_offset": -0.10906982421875, "q_offset": -0.118896484375, "lo_frequency": 8400000000.0, "if_frequency": 262000000.0, "temperature": 59.4375, "mixer_id": "octave_octave1_2", "optimizer_parameters": {"average_iterations": 100, "iterations": 10000, "calibration_offset_frequency": 7000000.0, "keep_on": false}}, "2": {"correction": [1.0157144144177437, -0.103515625, -0.103515625, 1.0157144144177437], "i_offset": -0.109619140625, "q_offset": -0.119140625, "lo_frequency": 8400000000.0, "if_frequency": 263000000.0, "temperature": 59.5, "mixer_id": "octave_octave1_2", "optimizer_parameters": {"average_iterations": 100, "iterations": 10000, "calibration_offset_frequency": 7000000.0, "keep_on": false}}, "3": {"correction": [1.0157144144177437, -0.103515625, -0.103515625, 1.0157144144177437], "i_offset": -0.10888671875, "q_offset": -0.11865234375, "lo_frequency": 8400000000.0, "if_frequency": 266000000.0, "temperature": 59.5, "mixer_id": "octave_octave1_2", "optimizer_parameters": {"average_iterations": 100, "iterations": 10000, "calibration_offset_frequency": 7000000.0, "keep_on": false}}, "4": {"correction": [1.0117797628045082, -0.15139329433441162, -0.14559495449066162, 1.052074033766985], "i_offset": -0.108154296875, "q_offset": -0.01806640625, "lo_frequency": 8400000000.0, "if_frequency": 262200000.0, "temperature": 60.125, "mixer_id": "octave_octave1_2", "optimizer_parameters": {"average_iterations": 100, "iterations": 10000, "calibration_offset_frequency": 7000000.0, "keep_on": false}}, "5": {"correction": [1.0117797628045082, -0.15139329433441162, -0.14559495449066162, 1.052074033766985], "i_offset": -0.1080322265625, "q_offset": -0.0179443359375, "lo_frequency": 8400000000.0, "if_frequency": 266700000.0, "temperature": 60.125, "mixer_id": "octave_octave1_2", "optimizer_parameters": {"average_iterations": 100, "iterations": 10000, "calibration_offset_frequency": 7000000.0, "keep_on": false}}, "6": {"correction": [1.0109676532447338, -0.09393346309661865, -0.09356725215911865, 1.0149244591593742], "i_offset": -0.1838836669921875, "q_offset": -0.11572265625, "lo_frequency": 8500000000.0, "if_frequency": 129780000.0, "temperature": 59.875, "mixer_id": "octave_octave1_2", "optimizer_parameters": {"average_iterations": 100, "iterations": 10000, "calibration_offset_frequency": 7000000.0, "keep_on": false}}, "7": {"correction": [1.0134764909744263, -0.095703125, -0.095703125, 1.0134764909744263], "i_offset": -0.18212890625, "q_offset": -0.115142822265625, "lo_frequency": 8500000000.0, "if_frequency": 197432000.0, "temperature": 59.9375, "mixer_id": "octave_octave1_2", "optimizer_parameters": {"average_iterations": 100, "iterations": 10000, "calibration_offset_frequency": 7000000.0, "keep_on": false}}, "8": {"correction": [1.0061084181070328, -0.1333324834704399, -0.12847637385129929, 1.0441369898617268], "i_offset": -0.1962890625, "q_offset": -0.0205078125, "lo_frequency": 8500000000.0, "if_frequency": 197919000.0, "temperature": 60.25, "mixer_id": "octave_octave1_2", "optimizer_parameters": {"average_iterations": 100, "iterations": 10000, "calibration_offset_frequency": 7000000.0, "keep_on": false}}, "9": {"correction": [1.0043213814496994, -0.11904716491699219, -0.11538505554199219, 1.036196693778038], "i_offset": -0.196044921875, "q_offset": -0.020751953125, "lo_frequency": 8500000000.0, "if_frequency": 129840000.0, "temperature": 60.3125, "mixer_id": "octave_octave1_2", "optimizer_parameters": {"average_iterations": 100, "iterations": 10000, "calibration_offset_frequency": 7000000.0, "keep_on": false}}, "10": {"correction": [1.0082450658082962, -0.1393025927245617, -0.13422904536128044, 1.0463543981313705], "i_offset": -0.1968994140625, "q_offset": -0.0203857421875, "lo_frequency": 8500000000.0, "if_frequency": 216100000.0, "temperature": 60.3125, "mixer_id": "octave_octave1_2", "optimizer_parameters": {"average_iterations": 100, "iterations": 10000, "calibration_offset_frequency": 7000000.0, "keep_on": false}}, "11": {"correction": [1.0070730112493038, -0.13320007175207138, -0.12859954684972763, 1.0431000776588917], "i_offset": -0.196044921875, "q_offset": -0.020751953125, "lo_frequency": 8500000000.0, "if_frequency": 195900000.0, "temperature": 60.25, "mixer_id": "octave_octave1_2", "optimizer_parameters": {"average_iterations": 100, "iterations": 10000, "calibration_offset_frequency": 7000000.0, "keep_on": false}}}}