{"_default": {"1": {"correction": [1.0151399187743664, -0.1015625, -0.1015625, 1.0151399187743664], "i_offset": -0.10906982421875, "q_offset": -0.118896484375, "lo_frequency": 8400000000.0, "if_frequency": 262000000.0, "temperature": 59.4375, "mixer_id": "octave_octave1_2", "optimizer_parameters": {"average_iterations": 100, "iterations": 10000, "calibration_offset_frequency": 7000000.0, "keep_on": false}}, "2": {"correction": [1.0157144144177437, -0.103515625, -0.103515625, 1.0157144144177437], "i_offset": -0.109619140625, "q_offset": -0.119140625, "lo_frequency": 8400000000.0, "if_frequency": 263000000.0, "temperature": 59.5, "mixer_id": "octave_octave1_2", "optimizer_parameters": {"average_iterations": 100, "iterations": 10000, "calibration_offset_frequency": 7000000.0, "keep_on": false}}, "3": {"correction": [1.0157144144177437, -0.103515625, -0.103515625, 1.0157144144177437], "i_offset": -0.10888671875, "q_offset": -0.11865234375, "lo_frequency": 8400000000.0, "if_frequency": 266000000.0, "temperature": 59.5, "mixer_id": "octave_octave1_2", "optimizer_parameters": {"average_iterations": 100, "iterations": 10000, "calibration_offset_frequency": 7000000.0, "keep_on": false}}, "4": {"correction": [1.0151399187743664, -0.1015625, -0.1015625, 1.0151399187743664], "i_offset": -0.109130859375, "q_offset": -0.118896484375, "lo_frequency": 8400000000.0, "if_frequency": 262200000.0, "temperature": 59.4375, "mixer_id": "octave_octave1_2", "optimizer_parameters": {"average_iterations": 100, "iterations": 10000, "calibration_offset_frequency": 7000000.0, "keep_on": false}}}}