{"_default": {"1": {"correction": [1.0170153453946114, -0.13806693255901337, -0.13539664447307587, 1.0370728857815266], "i_offset": -0.083740234375, "q_offset": 0.010498046875, "lo_frequency": 8200000000.0, "if_frequency": 99500000.0, "temperature": 57.1875, "mixer_id": "octave_octave1_1", "optimizer_parameters": {"average_iterations": 100, "iterations": 10000, "calibration_offset_frequency": 7000000.0, "keep_on": false}}, "2": {"correction": [1.0096100196242332, -0.11023616790771484, -0.10852718353271484, 1.0255084112286568], "i_offset": -0.26666259765625, "q_offset": 0.0367431640625, "lo_frequency": 8600000000.0, "if_frequency": 99500000.0, "temperature": 59.4375, "mixer_id": "octave_octave1_2", "optimizer_parameters": {"average_iterations": 100, "iterations": 10000, "calibration_offset_frequency": 7000000.0, "keep_on": false}}, "3": {"correction": [1.0014618635177612, 0.03125, 0.03125, 1.0014618635177612], "i_offset": -0.034393310546875, "q_offset": 0.08111572265625, "lo_frequency": 4300000000.0, "if_frequency": 318000000.0, "temperature": 57.75, "mixer_id": "octave_octave1_1", "optimizer_parameters": {"average_iterations": 100, "iterations": 10000, "calibration_offset_frequency": 7000000.0, "keep_on": false}}, "4": {"correction": [1.0147473327815533, -0.12598419189453125, -0.12403106689453125, 1.0307266227900982], "i_offset": -0.070556640625, "q_offset": 0.033935546875, "lo_frequency": 8200000000.0, "if_frequency": 99500000.0, "temperature": 59.4375, "mixer_id": "octave_octave1_2", "optimizer_parameters": {"average_iterations": 100, "iterations": 10000, "calibration_offset_frequency": 7000000.0, "keep_on": false}}, "5": {"correction": [1.065153557807207, -0.19305050373077393, -0.19762814044952393, 1.0404815338551998], "i_offset": -0.0839996337890625, "q_offset": 0.01025390625, "lo_frequency": 8200000000.0, "if_frequency": 318000000.0, "temperature": 57.8125, "mixer_id": "octave_octave1_1", "optimizer_parameters": {"average_iterations": 100, "iterations": 10000, "calibration_offset_frequency": 7000000.0, "keep_on": false}}}}