{"_default": {"1": {"correction": [1.0070730112493038, -0.13320007175207138, -0.12859954684972763, 1.0431000776588917], "i_offset": -0.19732666015625, "q_offset": -0.0198974609375, "lo_frequency": 8500000000.0, "if_frequency": 195900000.0, "temperature": 59.25, "mixer_id": "octave_octave1_2", "optimizer_parameters": {"average_iterations": 100, "iterations": 10000, "calibration_offset_frequency": 7000000.0, "keep_on": false}}, "2": {"correction": [1.0056147575378418, -0.1230154037475586, -0.1192312240600586, 1.0375311225652695], "i_offset": -0.197021484375, "q_offset": -0.020263671875, "lo_frequency": 8500000000.0, "if_frequency": 139000000.0, "temperature": 59.25, "mixer_id": "octave_octave1_2", "optimizer_parameters": {"average_iterations": 100, "iterations": 10000, "calibration_offset_frequency": 7000000.0, "keep_on": false}}, "3": {"correction": [1.0036886669695377, -0.11706304550170898, -0.11346197128295898, 1.0355438999831676], "i_offset": -0.1959228515625, "q_offset": -0.019775390625, "lo_frequency": 8500000000.0, "if_frequency": 125000000.0, "temperature": 59.375, "mixer_id": "octave_octave1_2", "optimizer_parameters": {"average_iterations": 100, "iterations": 10000, "calibration_offset_frequency": 7000000.0, "keep_on": false}}, "4": {"correction": [1.0058485865592957, -0.13545715808868408, -0.13026916980743408, 1.045906651765108], "i_offset": -0.1971435546875, "q_offset": -0.020263671875, "lo_frequency": 8500000000.0, "if_frequency": 200000000.0, "temperature": 59.1875, "mixer_id": "octave_octave1_2", "optimizer_parameters": {"average_iterations": 100, "iterations": 10000, "calibration_offset_frequency": 7000000.0, "keep_on": false}}, "5": {"correction": [1.0070730112493038, -0.13320007175207138, -0.12859954684972763, 1.0431000776588917], "i_offset": -0.1971435546875, "q_offset": -0.0203857421875, "lo_frequency": 8500000000.0, "if_frequency": 195800000.0, "temperature": 59.3125, "mixer_id": "octave_octave1_2", "optimizer_parameters": {"average_iterations": 100, "iterations": 10000, "calibration_offset_frequency": 7000000.0, "keep_on": false}}}}