{"_default": {"1": {"correction": [1.0070730112493038, -0.13320007175207138, -0.12859954684972763, 1.0431000776588917], "i_offset": -0.19580078125, "q_offset": -0.0208740234375, "lo_frequency": 8500000000.0, "if_frequency": 195900000.0, "temperature": 60.3125, "mixer_id": "octave_octave1_2", "optimizer_parameters": {"average_iterations": 100, "iterations": 10000, "calibration_offset_frequency": 7000000.0, "keep_on": false}}}}