{"_default": {"1": {"correction": [1.0320636592805386, -0.16502943634986877, -0.16310682892799377, 1.04422901943326], "i_offset": -0.19189453125, "q_offset": -0.00537109375, "lo_frequency": 8400000000.0, "if_frequency": 242990000.0, "temperature": 58.6875, "mixer_id": "octave_octave1_1", "optimizer_parameters": {"average_iterations": 100, "iterations": 10000, "calibration_offset_frequency": 7000000.0, "keep_on": false}}, "2": {"correction": [1.0, 0.0, 0.0, 1.0], "i_offset": 0.00389862060546875, "q_offset": 0.00390625, "lo_frequency": 8400000000.0, "if_frequency": 262000000.0, "temperature": 38.5625, "mixer_id": "octave_octave1_1", "optimizer_parameters": {"average_iterations": 100, "iterations": 10000, "calibration_offset_frequency": 7000000.0, "keep_on": false}}, "3": {"correction": [1.0125585980713367, -0.15338531136512756, -0.14751067757606506, 1.0528838895261288], "i_offset": -0.1087646484375, "q_offset": -0.018798828125, "lo_frequency": 8400000000.0, "if_frequency": 262000000.0, "temperature": 58.375, "mixer_id": "octave_octave1_2", "optimizer_parameters": {"average_iterations": 100, "iterations": 10000, "calibration_offset_frequency": 7000000.0, "keep_on": false}}, "4": {"correction": [1.0102465897798538, -0.14740926027297974, -0.14176350831985474, 1.0504798032343388], "i_offset": -0.107421875, "q_offset": -0.0186767578125, "lo_frequency": 8400000000.0, "if_frequency": 235500000.0, "temperature": 60.3125, "mixer_id": "octave_octave1_2", "optimizer_parameters": {"average_iterations": 100, "iterations": 10000, "calibration_offset_frequency": 7000000.0, "keep_on": false}}, "5": {"correction": [1.012597680091858, -0.09980430454015732, -0.09941520541906357, 1.0165608637034893], "i_offset": -0.109375, "q_offset": -0.11871337890625, "lo_frequency": 8400000000.0, "if_frequency": 236000000.0, "temperature": 59.8125, "mixer_id": "octave_octave1_2", "optimizer_parameters": {"average_iterations": 100, "iterations": 10000, "calibration_offset_frequency": 7000000.0, "keep_on": false}}, "6": {"correction": [1.0150121226906776, -0.09756097570061684, -0.09775171056389809, 1.0130316130816936], "i_offset": -0.1827392578125, "q_offset": -0.1152191162109375, "lo_frequency": 8500000000.0, "if_frequency": 236000000.0, "temperature": 59.9375, "mixer_id": "octave_octave1_2", "optimizer_parameters": {"average_iterations": 100, "iterations": 10000, "calibration_offset_frequency": 7000000.0, "keep_on": false}}}}