{"_default": {"1": {"correction": [1.0070730112493038, -0.13320007175207138, -0.12859954684972763, 1.0431000776588917], "i_offset": -0.19708251953125, "q_offset": -0.0203857421875, "lo_frequency": 8500000000.0, "if_frequency": 195900000.0, "temperature": 59.25, "mixer_id": "octave_octave1_2", "optimizer_parameters": {"average_iterations": 100, "iterations": 10000, "calibration_offset_frequency": 7000000.0, "keep_on": false}}, "2": {"correction": [1.0070730112493038, -0.13320007175207138, -0.12859954684972763, 1.0431000776588917], "i_offset": -0.1971435546875, "q_offset": -0.0203857421875, "lo_frequency": 8500000000.0, "if_frequency": 195800000.0, "temperature": 59.25, "mixer_id": "octave_octave1_2", "optimizer_parameters": {"average_iterations": 100, "iterations": 10000, "calibration_offset_frequency": 7000000.0, "keep_on": false}}, "3": {"correction": [1.0096100196242332, -0.11023616790771484, -0.10852718353271484, 1.0255084112286568], "i_offset": -0.2664794921875, "q_offset": 0.03759765625, "lo_frequency": 8600000000.0, "if_frequency": 99500000.0, "temperature": 59.1875, "mixer_id": "octave_octave1_2", "optimizer_parameters": {"average_iterations": 100, "iterations": 10000, "calibration_offset_frequency": 7000000.0, "keep_on": false}}, "4": {"correction": [1.0014618635177612, 0.03125, 0.03125, 1.0014618635177612], "i_offset": -0.034912109375, "q_offset": 0.08191680908203125, "lo_frequency": 4300000000.0, "if_frequency": 318000000.0, "temperature": 57.5625, "mixer_id": "octave_octave1_1", "optimizer_parameters": {"average_iterations": 100, "iterations": 10000, "calibration_offset_frequency": 7000000.0, "keep_on": false}}}}