{"_default": {"1": {"correction": [1.0096100196242332, -0.11023616790771484, -0.10852718353271484, 1.0255084112286568], "i_offset": -0.2628173828125, "q_offset": 0.035400390625, "lo_frequency": 8600000000.0, "if_frequency": 99500000.0, "temperature": 59.8125, "mixer_id": "octave_octave1_2", "optimizer_parameters": {"average_iterations": 100, "iterations": 10000, "calibration_offset_frequency": 7000000.0, "keep_on": false}}, "2": {"correction": [0.9935445711016655, 0.09561681747436523, 0.09195470809936523, 1.0331126265227795], "i_offset": -0.00885009765625, "q_offset": 0.0546875, "lo_frequency": 4200000000.0, "if_frequency": 100000000.0, "temperature": 58.625, "mixer_id": "octave_octave1_1", "optimizer_parameters": {"average_iterations": 100, "iterations": 10000, "calibration_offset_frequency": 7000000.0, "keep_on": false}}}}