{"_default": {"1": {"correction": [1.0096100196242332, -0.11023616790771484, -0.10852718353271484, 1.0255084112286568], "i_offset": -0.2633056640625, "q_offset": 0.0357666015625, "lo_frequency": 8600000000.0, "if_frequency": 99500000.0, "temperature": 59.625, "mixer_id": "octave_octave1_2", "optimizer_parameters": {"average_iterations": 100, "iterations": 10000, "calibration_offset_frequency": 7000000.0, "keep_on": false}}, "2": {"correction": [0.9954495579004288, 0.09542691707611084, 0.09213101863861084, 1.0310608074069023], "i_offset": -0.0030517578125, "q_offset": 0.0526123046875, "lo_frequency": 4200000000.0, "if_frequency": 100000000.0, "temperature": 57.875, "mixer_id": "octave_octave1_1", "optimizer_parameters": {"average_iterations": 100, "iterations": 10000, "calibration_offset_frequency": 7000000.0, "keep_on": false}}}}