{"_default": {"1": {"correction": [1.0096100196242332, -0.11023616790771484, -0.10852718353271484, 1.0255084112286568], "i_offset": -0.263916015625, "q_offset": 0.0362548828125, "lo_frequency": 8600000000.0, "if_frequency": 99500000.0, "temperature": 59.625, "mixer_id": "octave_octave1_2", "optimizer_parameters": {"average_iterations": 100, "iterations": 10000, "calibration_offset_frequency": 7000000.0, "keep_on": false}}, "2": {"correction": [0.9921703785657883, 0.09780342131853104, 0.09369117766618729, 1.0357181951403618], "i_offset": -0.00860595703125, "q_offset": 0.054534912109375, "lo_frequency": 4200000000.0, "if_frequency": 100000000.0, "temperature": 58.4375, "mixer_id": "octave_octave1_1", "optimizer_parameters": {"average_iterations": 100, "iterations": 10000, "calibration_offset_frequency": 7000000.0, "keep_on": false}}}}